unified_path,decomposed_paths,correct,response
data/vlm/2D/rmts/images/trial-141.png,"['data/vlm/2D/rmts/images/source-141.png', 'data/vlm/2D/rmts/images/target1-141.png', 'data/vlm/2D/rmts/images/target2-141.png']",2,[2].
data/vlm/2D/rmts/images/trial-106.png,"['data/vlm/2D/rmts/images/source-106.png', 'data/vlm/2D/rmts/images/target1-106.png', 'data/vlm/2D/rmts/images/target2-106.png']",2,[2].
data/vlm/2D/rmts/images/trial-59.png,"['data/vlm/2D/rmts/images/source-59.png', 'data/vlm/2D/rmts/images/target1-59.png', 'data/vlm/2D/rmts/images/target2-59.png']",2,[2].
data/vlm/2D/rmts/images/trial-107.png,"['data/vlm/2D/rmts/images/source-107.png', 'data/vlm/2D/rmts/images/target1-107.png', 'data/vlm/2D/rmts/images/target2-107.png']",1,[2].
data/vlm/2D/rmts/images/trial-40.png,"['data/vlm/2D/rmts/images/source-40.png', 'data/vlm/2D/rmts/images/target1-40.png', 'data/vlm/2D/rmts/images/target2-40.png']",1,[2].
data/vlm/2D/rmts/images/trial-55.png,"['data/vlm/2D/rmts/images/source-55.png', 'data/vlm/2D/rmts/images/target1-55.png', 'data/vlm/2D/rmts/images/target2-55.png']",2,[2].
data/vlm/2D/rmts/images/trial-4.png,"['data/vlm/2D/rmts/images/source-4.png', 'data/vlm/2D/rmts/images/target1-4.png', 'data/vlm/2D/rmts/images/target2-4.png']",1,[2].
data/vlm/2D/rmts/images/trial-69.png,"['data/vlm/2D/rmts/images/source-69.png', 'data/vlm/2D/rmts/images/target1-69.png', 'data/vlm/2D/rmts/images/target2-69.png']",2,[2].
data/vlm/2D/rmts/images/trial-130.png,"['data/vlm/2D/rmts/images/source-130.png', 'data/vlm/2D/rmts/images/target1-130.png', 'data/vlm/2D/rmts/images/target2-130.png']",1,[2].
data/vlm/2D/rmts/images/trial-1.png,"['data/vlm/2D/rmts/images/source-1.png', 'data/vlm/2D/rmts/images/target1-1.png', 'data/vlm/2D/rmts/images/target2-1.png']",1,[2].
data/vlm/2D/rmts/images/trial-181.png,"['data/vlm/2D/rmts/images/source-181.png', 'data/vlm/2D/rmts/images/target1-181.png', 'data/vlm/2D/rmts/images/target2-181.png']",1,[2].
data/vlm/2D/rmts/images/trial-180.png,"['data/vlm/2D/rmts/images/source-180.png', 'data/vlm/2D/rmts/images/target1-180.png', 'data/vlm/2D/rmts/images/target2-180.png']",1,[2].
data/vlm/2D/rmts/images/trial-45.png,"['data/vlm/2D/rmts/images/source-45.png', 'data/vlm/2D/rmts/images/target1-45.png', 'data/vlm/2D/rmts/images/target2-45.png']",1,[2].
data/vlm/2D/rmts/images/trial-110.png,"['data/vlm/2D/rmts/images/source-110.png', 'data/vlm/2D/rmts/images/target1-110.png', 'data/vlm/2D/rmts/images/target2-110.png']",1,[2].
data/vlm/2D/rmts/images/trial-195.png,"['data/vlm/2D/rmts/images/source-195.png', 'data/vlm/2D/rmts/images/target1-195.png', 'data/vlm/2D/rmts/images/target2-195.png']",1,[2].
data/vlm/2D/rmts/images/trial-119.png,"['data/vlm/2D/rmts/images/source-119.png', 'data/vlm/2D/rmts/images/target1-119.png', 'data/vlm/2D/rmts/images/target2-119.png']",2,[2].
data/vlm/2D/rmts/images/trial-7.png,"['data/vlm/2D/rmts/images/source-7.png', 'data/vlm/2D/rmts/images/target1-7.png', 'data/vlm/2D/rmts/images/target2-7.png']",2,[2].
data/vlm/2D/rmts/images/trial-26.png,"['data/vlm/2D/rmts/images/source-26.png', 'data/vlm/2D/rmts/images/target1-26.png', 'data/vlm/2D/rmts/images/target2-26.png']",1,[2].
data/vlm/2D/rmts/images/trial-39.png,"['data/vlm/2D/rmts/images/source-39.png', 'data/vlm/2D/rmts/images/target1-39.png', 'data/vlm/2D/rmts/images/target2-39.png']",2,[2].
data/vlm/2D/rmts/images/trial-136.png,"['data/vlm/2D/rmts/images/source-136.png', 'data/vlm/2D/rmts/images/target1-136.png', 'data/vlm/2D/rmts/images/target2-136.png']",2,[2].
data/vlm/2D/rmts/images/trial-135.png,"['data/vlm/2D/rmts/images/source-135.png', 'data/vlm/2D/rmts/images/target1-135.png', 'data/vlm/2D/rmts/images/target2-135.png']",1,[2].
data/vlm/2D/rmts/images/trial-148.png,"['data/vlm/2D/rmts/images/source-148.png', 'data/vlm/2D/rmts/images/target1-148.png', 'data/vlm/2D/rmts/images/target2-148.png']",1,[2].
data/vlm/2D/rmts/images/trial-95.png,"['data/vlm/2D/rmts/images/source-95.png', 'data/vlm/2D/rmts/images/target1-95.png', 'data/vlm/2D/rmts/images/target2-95.png']",1,[2].
data/vlm/2D/rmts/images/trial-79.png,"['data/vlm/2D/rmts/images/source-79.png', 'data/vlm/2D/rmts/images/target1-79.png', 'data/vlm/2D/rmts/images/target2-79.png']",2,[2].
data/vlm/2D/rmts/images/trial-192.png,"['data/vlm/2D/rmts/images/source-192.png', 'data/vlm/2D/rmts/images/target1-192.png', 'data/vlm/2D/rmts/images/target2-192.png']",2,[2].
data/vlm/2D/rmts/images/trial-6.png,"['data/vlm/2D/rmts/images/source-6.png', 'data/vlm/2D/rmts/images/target1-6.png', 'data/vlm/2D/rmts/images/target2-6.png']",1,[2].
data/vlm/2D/rmts/images/trial-149.png,"['data/vlm/2D/rmts/images/source-149.png', 'data/vlm/2D/rmts/images/target1-149.png', 'data/vlm/2D/rmts/images/target2-149.png']",1,[2].
data/vlm/2D/rmts/images/trial-62.png,"['data/vlm/2D/rmts/images/source-62.png', 'data/vlm/2D/rmts/images/target1-62.png', 'data/vlm/2D/rmts/images/target2-62.png']",2,[2].
data/vlm/2D/rmts/images/trial-142.png,"['data/vlm/2D/rmts/images/source-142.png', 'data/vlm/2D/rmts/images/target1-142.png', 'data/vlm/2D/rmts/images/target2-142.png']",1,[2].
data/vlm/2D/rmts/images/trial-27.png,"['data/vlm/2D/rmts/images/source-27.png', 'data/vlm/2D/rmts/images/target1-27.png', 'data/vlm/2D/rmts/images/target2-27.png']",2,[2].
data/vlm/2D/rmts/images/trial-145.png,"['data/vlm/2D/rmts/images/source-145.png', 'data/vlm/2D/rmts/images/target1-145.png', 'data/vlm/2D/rmts/images/target2-145.png']",1,[2].
data/vlm/2D/rmts/images/trial-46.png,"['data/vlm/2D/rmts/images/source-46.png', 'data/vlm/2D/rmts/images/target1-46.png', 'data/vlm/2D/rmts/images/target2-46.png']",2,[2].
data/vlm/2D/rmts/images/trial-129.png,"['data/vlm/2D/rmts/images/source-129.png', 'data/vlm/2D/rmts/images/target1-129.png', 'data/vlm/2D/rmts/images/target2-129.png']",2,[2].
data/vlm/2D/rmts/images/trial-156.png,"['data/vlm/2D/rmts/images/source-156.png', 'data/vlm/2D/rmts/images/target1-156.png', 'data/vlm/2D/rmts/images/target2-156.png']",1,[2].
data/vlm/2D/rmts/images/trial-188.png,"['data/vlm/2D/rmts/images/source-188.png', 'data/vlm/2D/rmts/images/target1-188.png', 'data/vlm/2D/rmts/images/target2-188.png']",1,[2].
data/vlm/2D/rmts/images/trial-68.png,"['data/vlm/2D/rmts/images/source-68.png', 'data/vlm/2D/rmts/images/target1-68.png', 'data/vlm/2D/rmts/images/target2-68.png']",1,[2].
data/vlm/2D/rmts/images/trial-37.png,"['data/vlm/2D/rmts/images/source-37.png', 'data/vlm/2D/rmts/images/target1-37.png', 'data/vlm/2D/rmts/images/target2-37.png']",1,[2].
data/vlm/2D/rmts/images/trial-53.png,"['data/vlm/2D/rmts/images/source-53.png', 'data/vlm/2D/rmts/images/target1-53.png', 'data/vlm/2D/rmts/images/target2-53.png']",1,[2].
data/vlm/2D/rmts/images/trial-127.png,"['data/vlm/2D/rmts/images/source-127.png', 'data/vlm/2D/rmts/images/target1-127.png', 'data/vlm/2D/rmts/images/target2-127.png']",2,[2].
data/vlm/2D/rmts/images/trial-146.png,"['data/vlm/2D/rmts/images/source-146.png', 'data/vlm/2D/rmts/images/target1-146.png', 'data/vlm/2D/rmts/images/target2-146.png']",2,[2].
data/vlm/2D/rmts/images/trial-121.png,"['data/vlm/2D/rmts/images/source-121.png', 'data/vlm/2D/rmts/images/target1-121.png', 'data/vlm/2D/rmts/images/target2-121.png']",2,[2].
data/vlm/2D/rmts/images/trial-18.png,"['data/vlm/2D/rmts/images/source-18.png', 'data/vlm/2D/rmts/images/target1-18.png', 'data/vlm/2D/rmts/images/target2-18.png']",1,[2].
data/vlm/2D/rmts/images/trial-52.png,"['data/vlm/2D/rmts/images/source-52.png', 'data/vlm/2D/rmts/images/target1-52.png', 'data/vlm/2D/rmts/images/target2-52.png']",2,[2].
data/vlm/2D/rmts/images/trial-139.png,"['data/vlm/2D/rmts/images/source-139.png', 'data/vlm/2D/rmts/images/target1-139.png', 'data/vlm/2D/rmts/images/target2-139.png']",1,[2].
data/vlm/2D/rmts/images/trial-78.png,"['data/vlm/2D/rmts/images/source-78.png', 'data/vlm/2D/rmts/images/target1-78.png', 'data/vlm/2D/rmts/images/target2-78.png']",1,[2].
data/vlm/2D/rmts/images/trial-2.png,"['data/vlm/2D/rmts/images/source-2.png', 'data/vlm/2D/rmts/images/target1-2.png', 'data/vlm/2D/rmts/images/target2-2.png']",1,[2].
data/vlm/2D/rmts/images/trial-166.png,"['data/vlm/2D/rmts/images/source-166.png', 'data/vlm/2D/rmts/images/target1-166.png', 'data/vlm/2D/rmts/images/target2-166.png']",1,[2].
data/vlm/2D/rmts/images/trial-8.png,"['data/vlm/2D/rmts/images/source-8.png', 'data/vlm/2D/rmts/images/target1-8.png', 'data/vlm/2D/rmts/images/target2-8.png']",1,[2].
data/vlm/2D/rmts/images/trial-108.png,"['data/vlm/2D/rmts/images/source-108.png', 'data/vlm/2D/rmts/images/target1-108.png', 'data/vlm/2D/rmts/images/target2-108.png']",2,[2].
data/vlm/2D/rmts/images/trial-5.png,"['data/vlm/2D/rmts/images/source-5.png', 'data/vlm/2D/rmts/images/target1-5.png', 'data/vlm/2D/rmts/images/target2-5.png']",1,[2].
data/vlm/2D/rmts/images/trial-134.png,"['data/vlm/2D/rmts/images/source-134.png', 'data/vlm/2D/rmts/images/target1-134.png', 'data/vlm/2D/rmts/images/target2-134.png']",2,[2].
data/vlm/2D/rmts/images/trial-125.png,"['data/vlm/2D/rmts/images/source-125.png', 'data/vlm/2D/rmts/images/target1-125.png', 'data/vlm/2D/rmts/images/target2-125.png']",1,[2].
data/vlm/2D/rmts/images/trial-143.png,"['data/vlm/2D/rmts/images/source-143.png', 'data/vlm/2D/rmts/images/target1-143.png', 'data/vlm/2D/rmts/images/target2-143.png']",2,[2].
data/vlm/2D/rmts/images/trial-65.png,"['data/vlm/2D/rmts/images/source-65.png', 'data/vlm/2D/rmts/images/target1-65.png', 'data/vlm/2D/rmts/images/target2-65.png']",1,[2].
data/vlm/2D/rmts/images/trial-167.png,"['data/vlm/2D/rmts/images/source-167.png', 'data/vlm/2D/rmts/images/target1-167.png', 'data/vlm/2D/rmts/images/target2-167.png']",1,[2].
data/vlm/2D/rmts/images/trial-15.png,"['data/vlm/2D/rmts/images/source-15.png', 'data/vlm/2D/rmts/images/target1-15.png', 'data/vlm/2D/rmts/images/target2-15.png']",2,[2].
data/vlm/2D/rmts/images/trial-63.png,"['data/vlm/2D/rmts/images/source-63.png', 'data/vlm/2D/rmts/images/target1-63.png', 'data/vlm/2D/rmts/images/target2-63.png']",1,[2].
data/vlm/2D/rmts/images/trial-70.png,"['data/vlm/2D/rmts/images/source-70.png', 'data/vlm/2D/rmts/images/target1-70.png', 'data/vlm/2D/rmts/images/target2-70.png']",1,[2].
data/vlm/2D/rmts/images/trial-174.png,"['data/vlm/2D/rmts/images/source-174.png', 'data/vlm/2D/rmts/images/target1-174.png', 'data/vlm/2D/rmts/images/target2-174.png']",1,[2].
data/vlm/2D/rmts/images/trial-73.png,"['data/vlm/2D/rmts/images/source-73.png', 'data/vlm/2D/rmts/images/target1-73.png', 'data/vlm/2D/rmts/images/target2-73.png']",1,[2].
data/vlm/2D/rmts/images/trial-101.png,"['data/vlm/2D/rmts/images/source-101.png', 'data/vlm/2D/rmts/images/target1-101.png', 'data/vlm/2D/rmts/images/target2-101.png']",1,[2].
data/vlm/2D/rmts/images/trial-47.png,"['data/vlm/2D/rmts/images/source-47.png', 'data/vlm/2D/rmts/images/target1-47.png', 'data/vlm/2D/rmts/images/target2-47.png']",1,[2].
data/vlm/2D/rmts/images/trial-30.png,"['data/vlm/2D/rmts/images/source-30.png', 'data/vlm/2D/rmts/images/target1-30.png', 'data/vlm/2D/rmts/images/target2-30.png']",1,[2].
data/vlm/2D/rmts/images/trial-49.png,"['data/vlm/2D/rmts/images/source-49.png', 'data/vlm/2D/rmts/images/target1-49.png', 'data/vlm/2D/rmts/images/target2-49.png']",2,[2].
data/vlm/2D/rmts/images/trial-150.png,"['data/vlm/2D/rmts/images/source-150.png', 'data/vlm/2D/rmts/images/target1-150.png', 'data/vlm/2D/rmts/images/target2-150.png']",2,[2].
data/vlm/2D/rmts/images/trial-36.png,"['data/vlm/2D/rmts/images/source-36.png', 'data/vlm/2D/rmts/images/target1-36.png', 'data/vlm/2D/rmts/images/target2-36.png']",2,[2].
data/vlm/2D/rmts/images/trial-171.png,"['data/vlm/2D/rmts/images/source-171.png', 'data/vlm/2D/rmts/images/target1-171.png', 'data/vlm/2D/rmts/images/target2-171.png']",2,[2].
data/vlm/2D/rmts/images/trial-104.png,"['data/vlm/2D/rmts/images/source-104.png', 'data/vlm/2D/rmts/images/target1-104.png', 'data/vlm/2D/rmts/images/target2-104.png']",2,[2].
data/vlm/2D/rmts/images/trial-57.png,"['data/vlm/2D/rmts/images/source-57.png', 'data/vlm/2D/rmts/images/target1-57.png', 'data/vlm/2D/rmts/images/target2-57.png']",1,[2].
data/vlm/2D/rmts/images/trial-122.png,"['data/vlm/2D/rmts/images/source-122.png', 'data/vlm/2D/rmts/images/target1-122.png', 'data/vlm/2D/rmts/images/target2-122.png']",2,[2].
data/vlm/2D/rmts/images/trial-154.png,"['data/vlm/2D/rmts/images/source-154.png', 'data/vlm/2D/rmts/images/target1-154.png', 'data/vlm/2D/rmts/images/target2-154.png']",2,[2].
data/vlm/2D/rmts/images/trial-194.png,"['data/vlm/2D/rmts/images/source-194.png', 'data/vlm/2D/rmts/images/target1-194.png', 'data/vlm/2D/rmts/images/target2-194.png']",1,[2].
data/vlm/2D/rmts/images/trial-11.png,"['data/vlm/2D/rmts/images/source-11.png', 'data/vlm/2D/rmts/images/target1-11.png', 'data/vlm/2D/rmts/images/target2-11.png']",1,[2].
data/vlm/2D/rmts/images/trial-157.png,"['data/vlm/2D/rmts/images/source-157.png', 'data/vlm/2D/rmts/images/target1-157.png', 'data/vlm/2D/rmts/images/target2-157.png']",2,[2].
data/vlm/2D/rmts/images/trial-31.png,"['data/vlm/2D/rmts/images/source-31.png', 'data/vlm/2D/rmts/images/target1-31.png', 'data/vlm/2D/rmts/images/target2-31.png']",2,[2].
data/vlm/2D/rmts/images/trial-64.png,"['data/vlm/2D/rmts/images/source-64.png', 'data/vlm/2D/rmts/images/target1-64.png', 'data/vlm/2D/rmts/images/target2-64.png']",1,[2].
data/vlm/2D/rmts/images/trial-72.png,"['data/vlm/2D/rmts/images/source-72.png', 'data/vlm/2D/rmts/images/target1-72.png', 'data/vlm/2D/rmts/images/target2-72.png']",2,[2].
data/vlm/2D/rmts/images/trial-199.png,"['data/vlm/2D/rmts/images/source-199.png', 'data/vlm/2D/rmts/images/target1-199.png', 'data/vlm/2D/rmts/images/target2-199.png']",2,[2].
data/vlm/2D/rmts/images/trial-179.png,"['data/vlm/2D/rmts/images/source-179.png', 'data/vlm/2D/rmts/images/target1-179.png', 'data/vlm/2D/rmts/images/target2-179.png']",2,[2].
data/vlm/2D/rmts/images/trial-44.png,"['data/vlm/2D/rmts/images/source-44.png', 'data/vlm/2D/rmts/images/target1-44.png', 'data/vlm/2D/rmts/images/target2-44.png']",2,[2].
data/vlm/2D/rmts/images/trial-144.png,"['data/vlm/2D/rmts/images/source-144.png', 'data/vlm/2D/rmts/images/target1-144.png', 'data/vlm/2D/rmts/images/target2-144.png']",2,[2].
data/vlm/2D/rmts/images/trial-98.png,"['data/vlm/2D/rmts/images/source-98.png', 'data/vlm/2D/rmts/images/target1-98.png', 'data/vlm/2D/rmts/images/target2-98.png']",2,[2].
data/vlm/2D/rmts/images/trial-123.png,"['data/vlm/2D/rmts/images/source-123.png', 'data/vlm/2D/rmts/images/target1-123.png', 'data/vlm/2D/rmts/images/target2-123.png']",2,[2].
data/vlm/2D/rmts/images/trial-189.png,"['data/vlm/2D/rmts/images/source-189.png', 'data/vlm/2D/rmts/images/target1-189.png', 'data/vlm/2D/rmts/images/target2-189.png']",1,[2].
data/vlm/2D/rmts/images/trial-16.png,"['data/vlm/2D/rmts/images/source-16.png', 'data/vlm/2D/rmts/images/target1-16.png', 'data/vlm/2D/rmts/images/target2-16.png']",1,[2].
data/vlm/2D/rmts/images/trial-54.png,"['data/vlm/2D/rmts/images/source-54.png', 'data/vlm/2D/rmts/images/target1-54.png', 'data/vlm/2D/rmts/images/target2-54.png']",1,[2].
data/vlm/2D/rmts/images/trial-163.png,"['data/vlm/2D/rmts/images/source-163.png', 'data/vlm/2D/rmts/images/target1-163.png', 'data/vlm/2D/rmts/images/target2-163.png']",2,[2].
data/vlm/2D/rmts/images/trial-102.png,"['data/vlm/2D/rmts/images/source-102.png', 'data/vlm/2D/rmts/images/target1-102.png', 'data/vlm/2D/rmts/images/target2-102.png']",1,[2].
data/vlm/2D/rmts/images/trial-22.png,"['data/vlm/2D/rmts/images/source-22.png', 'data/vlm/2D/rmts/images/target1-22.png', 'data/vlm/2D/rmts/images/target2-22.png']",2,[2].
data/vlm/2D/rmts/images/trial-186.png,"['data/vlm/2D/rmts/images/source-186.png', 'data/vlm/2D/rmts/images/target1-186.png', 'data/vlm/2D/rmts/images/target2-186.png']",2,[2].
data/vlm/2D/rmts/images/trial-25.png,"['data/vlm/2D/rmts/images/source-25.png', 'data/vlm/2D/rmts/images/target1-25.png', 'data/vlm/2D/rmts/images/target2-25.png']",2,[2].
data/vlm/2D/rmts/images/trial-115.png,"['data/vlm/2D/rmts/images/source-115.png', 'data/vlm/2D/rmts/images/target1-115.png', 'data/vlm/2D/rmts/images/target2-115.png']",1,[2].
data/vlm/2D/rmts/images/trial-137.png,"['data/vlm/2D/rmts/images/source-137.png', 'data/vlm/2D/rmts/images/target1-137.png', 'data/vlm/2D/rmts/images/target2-137.png']",1,[2].
data/vlm/2D/rmts/images/trial-10.png,"['data/vlm/2D/rmts/images/source-10.png', 'data/vlm/2D/rmts/images/target1-10.png', 'data/vlm/2D/rmts/images/target2-10.png']",2,[2].
data/vlm/2D/rmts/images/trial-126.png,"['data/vlm/2D/rmts/images/source-126.png', 'data/vlm/2D/rmts/images/target1-126.png', 'data/vlm/2D/rmts/images/target2-126.png']",1,[2].
data/vlm/2D/rmts/images/trial-191.png,"['data/vlm/2D/rmts/images/source-191.png', 'data/vlm/2D/rmts/images/target1-191.png', 'data/vlm/2D/rmts/images/target2-191.png']",1,[2].
data/vlm/2D/rmts/images/trial-58.png,"['data/vlm/2D/rmts/images/source-58.png', 'data/vlm/2D/rmts/images/target1-58.png', 'data/vlm/2D/rmts/images/target2-58.png']",1,[2].
data/vlm/2D/rmts/images/trial-111.png,"['data/vlm/2D/rmts/images/source-111.png', 'data/vlm/2D/rmts/images/target1-111.png', 'data/vlm/2D/rmts/images/target2-111.png']",2,[2].
data/vlm/2D/rmts/images/trial-124.png,"['data/vlm/2D/rmts/images/source-124.png', 'data/vlm/2D/rmts/images/target1-124.png', 'data/vlm/2D/rmts/images/target2-124.png']",2,[2].
data/vlm/2D/rmts/images/trial-109.png,"['data/vlm/2D/rmts/images/source-109.png', 'data/vlm/2D/rmts/images/target1-109.png', 'data/vlm/2D/rmts/images/target2-109.png']",2,[2].
data/vlm/2D/rmts/images/trial-131.png,"['data/vlm/2D/rmts/images/source-131.png', 'data/vlm/2D/rmts/images/target1-131.png', 'data/vlm/2D/rmts/images/target2-131.png']",2,[2].
data/vlm/2D/rmts/images/trial-85.png,"['data/vlm/2D/rmts/images/source-85.png', 'data/vlm/2D/rmts/images/target1-85.png', 'data/vlm/2D/rmts/images/target2-85.png']",2,[2].
data/vlm/2D/rmts/images/trial-29.png,"['data/vlm/2D/rmts/images/source-29.png', 'data/vlm/2D/rmts/images/target1-29.png', 'data/vlm/2D/rmts/images/target2-29.png']",2,[2].
data/vlm/2D/rmts/images/trial-9.png,"['data/vlm/2D/rmts/images/source-9.png', 'data/vlm/2D/rmts/images/target1-9.png', 'data/vlm/2D/rmts/images/target2-9.png']",2,[2].
data/vlm/2D/rmts/images/trial-128.png,"['data/vlm/2D/rmts/images/source-128.png', 'data/vlm/2D/rmts/images/target1-128.png', 'data/vlm/2D/rmts/images/target2-128.png']",1,[2].
data/vlm/2D/rmts/images/trial-19.png,"['data/vlm/2D/rmts/images/source-19.png', 'data/vlm/2D/rmts/images/target1-19.png', 'data/vlm/2D/rmts/images/target2-19.png']",1,[2].
data/vlm/2D/rmts/images/trial-152.png,"['data/vlm/2D/rmts/images/source-152.png', 'data/vlm/2D/rmts/images/target1-152.png', 'data/vlm/2D/rmts/images/target2-152.png']",1,[2].
data/vlm/2D/rmts/images/trial-92.png,"['data/vlm/2D/rmts/images/source-92.png', 'data/vlm/2D/rmts/images/target1-92.png', 'data/vlm/2D/rmts/images/target2-92.png']",2,[2].
data/vlm/2D/rmts/images/trial-114.png,"['data/vlm/2D/rmts/images/source-114.png', 'data/vlm/2D/rmts/images/target1-114.png', 'data/vlm/2D/rmts/images/target2-114.png']",1,[2].
data/vlm/2D/rmts/images/trial-169.png,"['data/vlm/2D/rmts/images/source-169.png', 'data/vlm/2D/rmts/images/target1-169.png', 'data/vlm/2D/rmts/images/target2-169.png']",1,[2].
data/vlm/2D/rmts/images/trial-184.png,"['data/vlm/2D/rmts/images/source-184.png', 'data/vlm/2D/rmts/images/target1-184.png', 'data/vlm/2D/rmts/images/target2-184.png']",1,[2].
data/vlm/2D/rmts/images/trial-20.png,"['data/vlm/2D/rmts/images/source-20.png', 'data/vlm/2D/rmts/images/target1-20.png', 'data/vlm/2D/rmts/images/target2-20.png']",2,[2].
data/vlm/2D/rmts/images/trial-80.png,"['data/vlm/2D/rmts/images/source-80.png', 'data/vlm/2D/rmts/images/target1-80.png', 'data/vlm/2D/rmts/images/target2-80.png']",1,[2].
data/vlm/2D/rmts/images/trial-71.png,"['data/vlm/2D/rmts/images/source-71.png', 'data/vlm/2D/rmts/images/target1-71.png', 'data/vlm/2D/rmts/images/target2-71.png']",1,[2].
data/vlm/2D/rmts/images/trial-61.png,"['data/vlm/2D/rmts/images/source-61.png', 'data/vlm/2D/rmts/images/target1-61.png', 'data/vlm/2D/rmts/images/target2-61.png']",1,[2].
data/vlm/2D/rmts/images/trial-173.png,"['data/vlm/2D/rmts/images/source-173.png', 'data/vlm/2D/rmts/images/target1-173.png', 'data/vlm/2D/rmts/images/target2-173.png']",2,[2].
data/vlm/2D/rmts/images/trial-81.png,"['data/vlm/2D/rmts/images/source-81.png', 'data/vlm/2D/rmts/images/target1-81.png', 'data/vlm/2D/rmts/images/target2-81.png']",1,[2].
data/vlm/2D/rmts/images/trial-41.png,"['data/vlm/2D/rmts/images/source-41.png', 'data/vlm/2D/rmts/images/target1-41.png', 'data/vlm/2D/rmts/images/target2-41.png']",2,[2].
data/vlm/2D/rmts/images/trial-56.png,"['data/vlm/2D/rmts/images/source-56.png', 'data/vlm/2D/rmts/images/target1-56.png', 'data/vlm/2D/rmts/images/target2-56.png']",2,[2].
data/vlm/2D/rmts/images/trial-138.png,"['data/vlm/2D/rmts/images/source-138.png', 'data/vlm/2D/rmts/images/target1-138.png', 'data/vlm/2D/rmts/images/target2-138.png']",2,[2].
data/vlm/2D/rmts/images/trial-83.png,"['data/vlm/2D/rmts/images/source-83.png', 'data/vlm/2D/rmts/images/target1-83.png', 'data/vlm/2D/rmts/images/target2-83.png']",1,[2].
data/vlm/2D/rmts/images/trial-182.png,"['data/vlm/2D/rmts/images/source-182.png', 'data/vlm/2D/rmts/images/target1-182.png', 'data/vlm/2D/rmts/images/target2-182.png']",2,[2]
data/vlm/2D/rmts/images/trial-90.png,"['data/vlm/2D/rmts/images/source-90.png', 'data/vlm/2D/rmts/images/target1-90.png', 'data/vlm/2D/rmts/images/target2-90.png']",2,[2].
data/vlm/2D/rmts/images/trial-75.png,"['data/vlm/2D/rmts/images/source-75.png', 'data/vlm/2D/rmts/images/target1-75.png', 'data/vlm/2D/rmts/images/target2-75.png']",1,[2].
data/vlm/2D/rmts/images/trial-88.png,"['data/vlm/2D/rmts/images/source-88.png', 'data/vlm/2D/rmts/images/target1-88.png', 'data/vlm/2D/rmts/images/target2-88.png']",2,[2].
data/vlm/2D/rmts/images/trial-33.png,"['data/vlm/2D/rmts/images/source-33.png', 'data/vlm/2D/rmts/images/target1-33.png', 'data/vlm/2D/rmts/images/target2-33.png']",1,[2].
data/vlm/2D/rmts/images/trial-160.png,"['data/vlm/2D/rmts/images/source-160.png', 'data/vlm/2D/rmts/images/target1-160.png', 'data/vlm/2D/rmts/images/target2-160.png']",1,[2].
data/vlm/2D/rmts/images/trial-187.png,"['data/vlm/2D/rmts/images/source-187.png', 'data/vlm/2D/rmts/images/target1-187.png', 'data/vlm/2D/rmts/images/target2-187.png']",2,[2]
data/vlm/2D/rmts/images/trial-190.png,"['data/vlm/2D/rmts/images/source-190.png', 'data/vlm/2D/rmts/images/target1-190.png', 'data/vlm/2D/rmts/images/target2-190.png']",2,[2].
data/vlm/2D/rmts/images/trial-118.png,"['data/vlm/2D/rmts/images/source-118.png', 'data/vlm/2D/rmts/images/target1-118.png', 'data/vlm/2D/rmts/images/target2-118.png']",1,[2].
data/vlm/2D/rmts/images/trial-147.png,"['data/vlm/2D/rmts/images/source-147.png', 'data/vlm/2D/rmts/images/target1-147.png', 'data/vlm/2D/rmts/images/target2-147.png']",2,[2].
data/vlm/2D/rmts/images/trial-77.png,"['data/vlm/2D/rmts/images/source-77.png', 'data/vlm/2D/rmts/images/target1-77.png', 'data/vlm/2D/rmts/images/target2-77.png']",1,[2].
data/vlm/2D/rmts/images/trial-87.png,"['data/vlm/2D/rmts/images/source-87.png', 'data/vlm/2D/rmts/images/target1-87.png', 'data/vlm/2D/rmts/images/target2-87.png']",1,[2].
data/vlm/2D/rmts/images/trial-176.png,"['data/vlm/2D/rmts/images/source-176.png', 'data/vlm/2D/rmts/images/target1-176.png', 'data/vlm/2D/rmts/images/target2-176.png']",2,[2].
data/vlm/2D/rmts/images/trial-100.png,"['data/vlm/2D/rmts/images/source-100.png', 'data/vlm/2D/rmts/images/target1-100.png', 'data/vlm/2D/rmts/images/target2-100.png']",2,[2].
data/vlm/2D/rmts/images/trial-168.png,"['data/vlm/2D/rmts/images/source-168.png', 'data/vlm/2D/rmts/images/target1-168.png', 'data/vlm/2D/rmts/images/target2-168.png']",1,[2].
data/vlm/2D/rmts/images/trial-3.png,"['data/vlm/2D/rmts/images/source-3.png', 'data/vlm/2D/rmts/images/target1-3.png', 'data/vlm/2D/rmts/images/target2-3.png']",2,[2].
data/vlm/2D/rmts/images/trial-60.png,"['data/vlm/2D/rmts/images/source-60.png', 'data/vlm/2D/rmts/images/target1-60.png', 'data/vlm/2D/rmts/images/target2-60.png']",1,[2].
data/vlm/2D/rmts/images/trial-94.png,"['data/vlm/2D/rmts/images/source-94.png', 'data/vlm/2D/rmts/images/target1-94.png', 'data/vlm/2D/rmts/images/target2-94.png']",2,[2].
data/vlm/2D/rmts/images/trial-116.png,"['data/vlm/2D/rmts/images/source-116.png', 'data/vlm/2D/rmts/images/target1-116.png', 'data/vlm/2D/rmts/images/target2-116.png']",1,[2].
data/vlm/2D/rmts/images/trial-28.png,"['data/vlm/2D/rmts/images/source-28.png', 'data/vlm/2D/rmts/images/target1-28.png', 'data/vlm/2D/rmts/images/target2-28.png']",1,[2].
data/vlm/2D/rmts/images/trial-103.png,"['data/vlm/2D/rmts/images/source-103.png', 'data/vlm/2D/rmts/images/target1-103.png', 'data/vlm/2D/rmts/images/target2-103.png']",1,[2].
data/vlm/2D/rmts/images/trial-153.png,"['data/vlm/2D/rmts/images/source-153.png', 'data/vlm/2D/rmts/images/target1-153.png', 'data/vlm/2D/rmts/images/target2-153.png']",2,[2].
data/vlm/2D/rmts/images/trial-34.png,"['data/vlm/2D/rmts/images/source-34.png', 'data/vlm/2D/rmts/images/target1-34.png', 'data/vlm/2D/rmts/images/target2-34.png']",2,[2].
data/vlm/2D/rmts/images/trial-17.png,"['data/vlm/2D/rmts/images/source-17.png', 'data/vlm/2D/rmts/images/target1-17.png', 'data/vlm/2D/rmts/images/target2-17.png']",2,[2].
data/vlm/2D/rmts/images/trial-21.png,"['data/vlm/2D/rmts/images/source-21.png', 'data/vlm/2D/rmts/images/target1-21.png', 'data/vlm/2D/rmts/images/target2-21.png']",1,[2].
data/vlm/2D/rmts/images/trial-38.png,"['data/vlm/2D/rmts/images/source-38.png', 'data/vlm/2D/rmts/images/target1-38.png', 'data/vlm/2D/rmts/images/target2-38.png']",2,[2].
data/vlm/2D/rmts/images/trial-76.png,"['data/vlm/2D/rmts/images/source-76.png', 'data/vlm/2D/rmts/images/target1-76.png', 'data/vlm/2D/rmts/images/target2-76.png']",2,[2].
data/vlm/2D/rmts/images/trial-155.png,"['data/vlm/2D/rmts/images/source-155.png', 'data/vlm/2D/rmts/images/target1-155.png', 'data/vlm/2D/rmts/images/target2-155.png']",1,[2].
data/vlm/2D/rmts/images/trial-48.png,"['data/vlm/2D/rmts/images/source-48.png', 'data/vlm/2D/rmts/images/target1-48.png', 'data/vlm/2D/rmts/images/target2-48.png']",2,[2].
data/vlm/2D/rmts/images/trial-133.png,"['data/vlm/2D/rmts/images/source-133.png', 'data/vlm/2D/rmts/images/target1-133.png', 'data/vlm/2D/rmts/images/target2-133.png']",2,[2].
data/vlm/2D/rmts/images/trial-159.png,"['data/vlm/2D/rmts/images/source-159.png', 'data/vlm/2D/rmts/images/target1-159.png', 'data/vlm/2D/rmts/images/target2-159.png']",2,[2].
data/vlm/2D/rmts/images/trial-120.png,"['data/vlm/2D/rmts/images/source-120.png', 'data/vlm/2D/rmts/images/target1-120.png', 'data/vlm/2D/rmts/images/target2-120.png']",2,[2].
data/vlm/2D/rmts/images/trial-43.png,"['data/vlm/2D/rmts/images/source-43.png', 'data/vlm/2D/rmts/images/target1-43.png', 'data/vlm/2D/rmts/images/target2-43.png']",2,[2].
data/vlm/2D/rmts/images/trial-161.png,"['data/vlm/2D/rmts/images/source-161.png', 'data/vlm/2D/rmts/images/target1-161.png', 'data/vlm/2D/rmts/images/target2-161.png']",2,[2].
data/vlm/2D/rmts/images/trial-32.png,"['data/vlm/2D/rmts/images/source-32.png', 'data/vlm/2D/rmts/images/target1-32.png', 'data/vlm/2D/rmts/images/target2-32.png']",1,[2].
data/vlm/2D/rmts/images/trial-158.png,"['data/vlm/2D/rmts/images/source-158.png', 'data/vlm/2D/rmts/images/target1-158.png', 'data/vlm/2D/rmts/images/target2-158.png']",2,[2].
data/vlm/2D/rmts/images/trial-0.png,"['data/vlm/2D/rmts/images/source-0.png', 'data/vlm/2D/rmts/images/target1-0.png', 'data/vlm/2D/rmts/images/target2-0.png']",1,[2].
data/vlm/2D/rmts/images/trial-50.png,"['data/vlm/2D/rmts/images/source-50.png', 'data/vlm/2D/rmts/images/target1-50.png', 'data/vlm/2D/rmts/images/target2-50.png']",1,[2].
data/vlm/2D/rmts/images/trial-99.png,"['data/vlm/2D/rmts/images/source-99.png', 'data/vlm/2D/rmts/images/target1-99.png', 'data/vlm/2D/rmts/images/target2-99.png']",1,[2].
data/vlm/2D/rmts/images/trial-97.png,"['data/vlm/2D/rmts/images/source-97.png', 'data/vlm/2D/rmts/images/target1-97.png', 'data/vlm/2D/rmts/images/target2-97.png']",2,[2].
data/vlm/2D/rmts/images/trial-96.png,"['data/vlm/2D/rmts/images/source-96.png', 'data/vlm/2D/rmts/images/target1-96.png', 'data/vlm/2D/rmts/images/target2-96.png']",2,[2].
data/vlm/2D/rmts/images/trial-66.png,"['data/vlm/2D/rmts/images/source-66.png', 'data/vlm/2D/rmts/images/target1-66.png', 'data/vlm/2D/rmts/images/target2-66.png']",2,[2].
data/vlm/2D/rmts/images/trial-84.png,"['data/vlm/2D/rmts/images/source-84.png', 'data/vlm/2D/rmts/images/target1-84.png', 'data/vlm/2D/rmts/images/target2-84.png']",1,[2].
data/vlm/2D/rmts/images/trial-197.png,"['data/vlm/2D/rmts/images/source-197.png', 'data/vlm/2D/rmts/images/target1-197.png', 'data/vlm/2D/rmts/images/target2-197.png']",2,[2].
data/vlm/2D/rmts/images/trial-35.png,"['data/vlm/2D/rmts/images/source-35.png', 'data/vlm/2D/rmts/images/target1-35.png', 'data/vlm/2D/rmts/images/target2-35.png']",1,[2].
data/vlm/2D/rmts/images/trial-91.png,"['data/vlm/2D/rmts/images/source-91.png', 'data/vlm/2D/rmts/images/target1-91.png', 'data/vlm/2D/rmts/images/target2-91.png']",2,[2].
data/vlm/2D/rmts/images/trial-185.png,"['data/vlm/2D/rmts/images/source-185.png', 'data/vlm/2D/rmts/images/target1-185.png', 'data/vlm/2D/rmts/images/target2-185.png']",2,[2].
data/vlm/2D/rmts/images/trial-177.png,"['data/vlm/2D/rmts/images/source-177.png', 'data/vlm/2D/rmts/images/target1-177.png', 'data/vlm/2D/rmts/images/target2-177.png']",2,[2].
data/vlm/2D/rmts/images/trial-162.png,"['data/vlm/2D/rmts/images/source-162.png', 'data/vlm/2D/rmts/images/target1-162.png', 'data/vlm/2D/rmts/images/target2-162.png']",2,[2].
data/vlm/2D/rmts/images/trial-67.png,"['data/vlm/2D/rmts/images/source-67.png', 'data/vlm/2D/rmts/images/target1-67.png', 'data/vlm/2D/rmts/images/target2-67.png']",1,[2].
data/vlm/2D/rmts/images/trial-82.png,"['data/vlm/2D/rmts/images/source-82.png', 'data/vlm/2D/rmts/images/target1-82.png', 'data/vlm/2D/rmts/images/target2-82.png']",1,[2].
data/vlm/2D/rmts/images/trial-183.png,"['data/vlm/2D/rmts/images/source-183.png', 'data/vlm/2D/rmts/images/target1-183.png', 'data/vlm/2D/rmts/images/target2-183.png']",2,[2].
data/vlm/2D/rmts/images/trial-178.png,"['data/vlm/2D/rmts/images/source-178.png', 'data/vlm/2D/rmts/images/target1-178.png', 'data/vlm/2D/rmts/images/target2-178.png']",2,[2].
data/vlm/2D/rmts/images/trial-140.png,"['data/vlm/2D/rmts/images/source-140.png', 'data/vlm/2D/rmts/images/target1-140.png', 'data/vlm/2D/rmts/images/target2-140.png']",1,[2].
data/vlm/2D/rmts/images/trial-198.png,"['data/vlm/2D/rmts/images/source-198.png', 'data/vlm/2D/rmts/images/target1-198.png', 'data/vlm/2D/rmts/images/target2-198.png']",2,[2].
data/vlm/2D/rmts/images/trial-151.png,"['data/vlm/2D/rmts/images/source-151.png', 'data/vlm/2D/rmts/images/target1-151.png', 'data/vlm/2D/rmts/images/target2-151.png']",1,[2].
data/vlm/2D/rmts/images/trial-24.png,"['data/vlm/2D/rmts/images/source-24.png', 'data/vlm/2D/rmts/images/target1-24.png', 'data/vlm/2D/rmts/images/target2-24.png']",1,[2].
data/vlm/2D/rmts/images/trial-12.png,"['data/vlm/2D/rmts/images/source-12.png', 'data/vlm/2D/rmts/images/target1-12.png', 'data/vlm/2D/rmts/images/target2-12.png']",1,[2].
data/vlm/2D/rmts/images/trial-132.png,"['data/vlm/2D/rmts/images/source-132.png', 'data/vlm/2D/rmts/images/target1-132.png', 'data/vlm/2D/rmts/images/target2-132.png']",1,[2].
data/vlm/2D/rmts/images/trial-193.png,"['data/vlm/2D/rmts/images/source-193.png', 'data/vlm/2D/rmts/images/target1-193.png', 'data/vlm/2D/rmts/images/target2-193.png']",1,[2].
data/vlm/2D/rmts/images/trial-51.png,"['data/vlm/2D/rmts/images/source-51.png', 'data/vlm/2D/rmts/images/target1-51.png', 'data/vlm/2D/rmts/images/target2-51.png']",1,[2].
data/vlm/2D/rmts/images/trial-170.png,"['data/vlm/2D/rmts/images/source-170.png', 'data/vlm/2D/rmts/images/target1-170.png', 'data/vlm/2D/rmts/images/target2-170.png']",1,[2].
data/vlm/2D/rmts/images/trial-42.png,"['data/vlm/2D/rmts/images/source-42.png', 'data/vlm/2D/rmts/images/target1-42.png', 'data/vlm/2D/rmts/images/target2-42.png']",1,[2].
data/vlm/2D/rmts/images/trial-93.png,"['data/vlm/2D/rmts/images/source-93.png', 'data/vlm/2D/rmts/images/target1-93.png', 'data/vlm/2D/rmts/images/target2-93.png']",1,[2].
data/vlm/2D/rmts/images/trial-117.png,"['data/vlm/2D/rmts/images/source-117.png', 'data/vlm/2D/rmts/images/target1-117.png', 'data/vlm/2D/rmts/images/target2-117.png']",1,[2].
data/vlm/2D/rmts/images/trial-23.png,"['data/vlm/2D/rmts/images/source-23.png', 'data/vlm/2D/rmts/images/target1-23.png', 'data/vlm/2D/rmts/images/target2-23.png']",2,[2].
data/vlm/2D/rmts/images/trial-113.png,"['data/vlm/2D/rmts/images/source-113.png', 'data/vlm/2D/rmts/images/target1-113.png', 'data/vlm/2D/rmts/images/target2-113.png']",2,[2].
data/vlm/2D/rmts/images/trial-172.png,"['data/vlm/2D/rmts/images/source-172.png', 'data/vlm/2D/rmts/images/target1-172.png', 'data/vlm/2D/rmts/images/target2-172.png']",1,[2].
data/vlm/2D/rmts/images/trial-175.png,"['data/vlm/2D/rmts/images/source-175.png', 'data/vlm/2D/rmts/images/target1-175.png', 'data/vlm/2D/rmts/images/target2-175.png']",1,[2].
data/vlm/2D/rmts/images/trial-86.png,"['data/vlm/2D/rmts/images/source-86.png', 'data/vlm/2D/rmts/images/target1-86.png', 'data/vlm/2D/rmts/images/target2-86.png']",2,[2].
data/vlm/2D/rmts/images/trial-89.png,"['data/vlm/2D/rmts/images/source-89.png', 'data/vlm/2D/rmts/images/target1-89.png', 'data/vlm/2D/rmts/images/target2-89.png']",1,[2].
data/vlm/2D/rmts/images/trial-112.png,"['data/vlm/2D/rmts/images/source-112.png', 'data/vlm/2D/rmts/images/target1-112.png', 'data/vlm/2D/rmts/images/target2-112.png']",1,[2].
data/vlm/2D/rmts/images/trial-196.png,"['data/vlm/2D/rmts/images/source-196.png', 'data/vlm/2D/rmts/images/target1-196.png', 'data/vlm/2D/rmts/images/target2-196.png']",2,[2].
data/vlm/2D/rmts/images/trial-14.png,"['data/vlm/2D/rmts/images/source-14.png', 'data/vlm/2D/rmts/images/target1-14.png', 'data/vlm/2D/rmts/images/target2-14.png']",1,[2].
data/vlm/2D/rmts/images/trial-74.png,"['data/vlm/2D/rmts/images/source-74.png', 'data/vlm/2D/rmts/images/target1-74.png', 'data/vlm/2D/rmts/images/target2-74.png']",1,[2].
data/vlm/2D/rmts/images/trial-105.png,"['data/vlm/2D/rmts/images/source-105.png', 'data/vlm/2D/rmts/images/target1-105.png', 'data/vlm/2D/rmts/images/target2-105.png']",2,[2].
data/vlm/2D/rmts/images/trial-164.png,"['data/vlm/2D/rmts/images/source-164.png', 'data/vlm/2D/rmts/images/target1-164.png', 'data/vlm/2D/rmts/images/target2-164.png']",2,[2].
data/vlm/2D/rmts/images/trial-13.png,"['data/vlm/2D/rmts/images/source-13.png', 'data/vlm/2D/rmts/images/target1-13.png', 'data/vlm/2D/rmts/images/target2-13.png']",1,[2].
data/vlm/2D/rmts/images/trial-165.png,"['data/vlm/2D/rmts/images/source-165.png', 'data/vlm/2D/rmts/images/target1-165.png', 'data/vlm/2D/rmts/images/target2-165.png']",2,[2].
